Workbook

Sheet 명세서
B2: 고객의 개인정보보호를 위해 전체주문내역 / 반품 / 교환 sheet는 즉시 삭제해 주시기 바랍니다.
B4: 거래명세서
B5: 수 급 자 | C5: 상호명(성명) | F5: 커넥트셀 (허연선 대표님) | J5: 지급처 | K5: 상 호 (법인명) | L5: ㈜엘씨에이치
C6: 주민등록번호 (사업자번호) | F6: 676-48-00866 | K6: 등록번호 | L6: 517-81-02543 | O6: 대표자 | P6: 최재우
C7: 주 소 | F7: 서울특별시 마포구 마포대로 52, 1328호 (도화동, 고려아카데미텔) | K7: 사업장 주소 | L7: 인천광역시 연수구 인천타워대로 323, 송도 센트로드 오피스 A동 33층 3310호
C8: 계좌번호 | F8: 하나 / 176-910050-83504 | K8: 전 화 | L8: 070-5220-1641 | O8: 팩 스 | P8: -
C9: 합계금액 | F9: =L28 -> 369492.5 | K9: 참고사항
B10: 년 | C10: 월 | D10: 일 | E10: 품 목 | I10: 공구가 | K10: 벤더공급가 | L10: 마진 | N10: 수량 | R10: 주문건수 | S10: 박스수량
B11: 26 | C11: 6 | D11: 13 | E11: 가꾸기 쉐이크 (5종) 2팩 | I11: 34500 | J11: 36000 | K11: 21500 | L11: =I11-K11 -> 13000 | N11: =COUNTIF(전체주문내역!AB:AB,"2") -> 2 | P11: =L11*N11 -> 26000 | R11: 2 | S11: =N11*2 -> 4 | T11: 4팩 소비자부담 5팩 이상 회사지원 | V11: 2박스 결제 총액 | W11: =I11*N11 -> 69000
E12: 가꾸기 쉐이크 (5종) 5팩 | I12: 83500 | J12: 70000 | K12: 50100 | L12: =I12-K12 -> 33400 | N12: =COUNTIF(전체주문내역!AB:AB,"5") -> 3 | P12: =L12*N12 -> 100200 | R12: 3 | S12: =N12*5 -> 15 | V12: 5박스 결제 총액 | W12: =I12*N12 -> 250500
E13: 가꾸기 쉐이크 (5종) 7+1팩 | I13: 114000 | J13: 102000 | K13: 68400 | L13: =I13-K13 -> 45600 | N13: =COUNTIF(전체주문내역!AB:AB,"7") -> 2 | P13: =L13*N13 -> 91200 | R13: 2 | S13: =N13*7 -> 14 | V13: 7박스 결제 총액 | W13: =I13*N13 -> 228000
E14: 가꾸기 쉐이크 (5종) 10+2팩 | I14: 160000 | J14: 132000 | K14: 98000 | L14: =I14-K14 -> 62000 | N14: =COUNTIF(전체주문내역!AB:AB,"10") -> 3 | P14: =L14*N14 -> 186000 | R14: 3 | S14: =N14*10 -> 30 | V14: 10박스 결제 총액 | W14: =I14*N14 -> 480000
R15: =SUM(R11:R14) -> 10 | S15: =SUM(S11:S14) -> 63 | V15: 전체 총액 | W15: =SUM(W11:W14) -> 1027500
V16: 주문내역 결체 총액과 차이 | W16: =W15-SUM(전체주문내역!AE:AE) -> 0
R17: *특이사항*
R18: - 없음. | V18: 결제수수료 체크 | W18: =W15*3.3% -> 33907.5
E19: 7+1&10+2 | N19: =N13+(N14*2) -> 8 | P19: 회사 지원
E20: 이벤트 지원 | N20: 3 | P20: 회사 지원
E21: 배송비 (5팩 이상 무료배송 / 건당 3,000원) | K21: =3000*N21 -> 24000 | N21: =SUM(N12:O14) -> 8 | P21: 회사 지원 | R21: * 반품 건
R22: - 없음.
P23: =-K23*N23 -> 0
E24: 스룩페이 수수료 | P24: =SUM(전체주문내역!AN:AN) -> -33907.5
E25: 3.3% 소득세 (미해당 - 사업자) | L25: -
L27: 합계 | P27: =SUM(P11:Q26) -> 369492.5
B28: 사업소득세 | E28: 세금계산서 발행 예정 | I28: 총 지 급 액 (VAT 포함) | L28: =P27 -> 369492.5
L29: ㈜엘씨에이치 (ELCH Co., Ltd.)

Sheet 전체주문내역
A1: 고객의 개인정보보호를 위해 전체주문내역 / 반품 / 교환 sheet는 즉시 삭제해 주시기 바랍니다.
A2: 채널명 | B2: 채널ID | C2: 주문번호 | D2: 주문일 | E2: 주문자명 | F2: 주문자연락처 | G2: 수령인명 | H2: 수령인연락처 | I2: 우편번호 | J2: 주소 | K2: 결제방법 | L2: 결제금액(통합) | M2: 부분취소금액(통합) | N2: 부분취소조정금액(통합) | O2: 상품구간할인(상품별) | P2: 배송비(통합) | Q2: 추가배송비(통합) | R2: 주문상품고유번호 | S2: 상품코드 | T2: 자체상품코드 | U2: 상품명 | V2: 고객선택옵션 | W2: 자체옵션코드명 | X2: 자체옵션코드 | Y2: 상품관리메모 | Z2: 추가선택 | AA2: 추가금액 | AB2: 주문수량 | AC2: 취소수량 | AD2: 공급가 | AE2: 상품금액(옵션포함) | AF2: 묶음설정 | AG2: 주문경로 | AH2: 택배사 | AI2: 송장번호 | AJ2: 발주처 | AK2: 주문관리메모 | AL2: 배송시 요청사항 | AM2: 개인통관번호 | AN2: 결제수수료
A3: 가꾸기 | B3: kakkuki064 | C3: NKA60611-85876910 | D3: 2026-06-11 10:13:02 | E3: 박은하 | F3: 010-9386-4024 | G3: 박은하 | H3: 010-9386-4024 | I3: 27627 | J3: 충북 음성군 금왕읍 대금로 1557-14 (금석리, 음성금왕시티프라디움) 106-101 | K3: 카카오 포인트 | L3: 37500 | M3: 0 | N3: 0 | O3: 0 | P3: 3000 | Q3: 0 | R3: 77541425 | S3: SKA97644149 | T3: e-100 | U3: [가꾸기x소하담바카] 다이어트 단백질 쉐이크(초코맛,곡물맛,흑임자맛,옥수수맛,쿠앤크맛) 1팩(5포)ㅣ7+1 & 10+2 EVENTㅣ고단백질 고식이섬유 식사대용 체중조절용조제식품 | V3: 수량 선택 :2팩(10포) / 맛 가지 수 선택 :2가지맛 / 구성 선택 :초코맛1팩+옥수수맛1팩 (+0원) | W3: 재고옵션코드 | X3: 초코1+옥수수1 | AA3: 0 | AB3: 2 | AC3: 0 | AD3: 0 | AE3: 34500 | AG3: 인스타그램 | AH3: CJ대한통운 | AI3: 522061833465 | AN3: =-AE3*3.3% -> -1138.5
A4: 가꾸기 | B4: kakkuki064 | C4: NKA60612-23795739 | D4: 2026-06-12 21:15:18 | E4: 유진빈 | F4: 010-4554-2865 | G4: 유진빈 | H4: 010-4554-2865 | I4: 46726 | J4: 부산 강서구 명지국제2로 16 (명지동, 부산 명지 제나우스 블루오션 오피스텔) 1006호 | K4: 네이버포인트 | L4: 37500 | M4: 0 | N4: 0 | O4: 0 | P4: 3000 | Q4: 0 | R4: 77574180 | S4: SKA97644149 | T4: e-100 | U4: [가꾸기x소하담바카] 다이어트 단백질 쉐이크(초코맛,곡물맛,흑임자맛,옥수수맛,쿠앤크맛) 1팩(5포)ㅣ7+1 & 10+2 EVENTㅣ고단백질 고식이섬유 식사대용 체중조절용조제식품 | V4: 수량 선택 :2팩(10포) / 맛 가지 수 선택 :1가지맛 / 구성 선택 :쿠키맛2팩 (+0원) | W4: 재고옵션코드 | X4: 쿠키2 | AA4: 0 | AB4: 2 | AC4: 0 | AD4: 0 | AE4: 34500 | AG4: 인스타그램 | AH4: CJ대한통운 | AI4: 522084630483 | AN4: =-AE4*3.3% -> -1138.5
A5: 가꾸기 | B5: kakkuki064 | C5: NKA60613-86445457 | D5: 2026-06-13 00:08:11 | E5: 안정우 | F5: 010-9446-1050 | G5: 안정우 | H5: 010-9446-1050 | I5: 04307 | J5: 서울 용산구 청파동1가 97-10 201호 | K5: 네이버페이 | L5: 83500 | M5: 0 | N5: 0 | O5: 0 | P5: 0 | Q5: 0 | R5: 77576348 | S5: SKA97644149 | T5: e-100 | U5: [가꾸기x소하담바카] 다이어트 단백질 쉐이크(초코맛,곡물맛,흑임자맛,옥수수맛,쿠앤크맛) 1팩(5포)ㅣ7+1 & 10+2 EVENTㅣ고단백질 고식이섬유 식사대용 체중조절용조제식품 | V5: 수량 선택 :5팩(25포) / 맛 가지 수 선택 :3가지맛 / 구성 선택 :초코맛2팩+옥수수맛1팩+쿠키맛2팩 (+49,000원) | W5: 재고옵션코드 | X5: 초코2+옥수수1+쿠키2 | AA5: 0 | AB5: 5 | AC5: 0 | AD5: 0 | AE5: 83500 | AG5: 기타 | AH5: CJ대한통운 | AI5: 522084630096 | AN5: =-AE5*3.3% -> -2755.5
A6: 가꾸기 | B6: kakkuki064 | C6: NKA60613-6390925 | D6: 2026-06-13 08:54:05 | E6: 박선영 | F6: 010-8684-2083 | G6: 박선영 | H6: 010-8684-2083 | I6: 12944 | J6: 경기 하남시 대청로 119 (창우동, 부영아파트) 102-804 | K6: 네이버페이 | L6: 83500 | M6: 0 | N6: 0 | O6: 0 | P6: 0 | Q6: 0 | R6: 77578471 | S6: SKA97644149 | T6: e-100 | U6: [가꾸기x소하담바카] 다이어트 단백질 쉐이크(초코맛,곡물맛,흑임자맛,옥수수맛,쿠앤크맛) 1팩(5포)ㅣ7+1 & 10+2 EVENTㅣ고단백질 고식이섬유 식사대용 체중조절용조제식품 | V6: 수량 선택 :5팩(25포) / 맛 가지 수 선택 :3가지맛 / 구성 선택 :곡물맛2팩+흑임자맛1팩+쿠키맛2팩 (+49,000원) | W6: 재고옵션코드 | X6: 곡물2+흑임자1+쿠키2 | AA6: 0 | AB6: 5 | AC6: 0 | AD6: 0 | AE6: 83500 | AG6: 인스타그램 | AH6: CJ대한통운 | AI6: 522084630262 | AN6: =-AE6*3.3% -> -2755.5
A7: 가꾸기 | B7: kakkuki064 | C7: NKA60613-87484334 | D7: 2026-06-13 14:52:46 | E7: 김빛나 | F7: 010-3410-7326 | G7: 김빛나 | H7: 010-3410-7326 | I7: 30128 | J7: 세종특별자치시 나성북로 47 (나성동, 나릿재마을4단지) 403동904호 | K7: 네이버포인트 | L7: 83500 | M7: 0 | N7: 0 | O7: 0 | P7: 0 | Q7: 0 | R7: 77583718 | S7: SKA97644149 | T7: e-100 | U7: [가꾸기x소하담바카] 다이어트 단백질 쉐이크(초코맛,곡물맛,흑임자맛,옥수수맛,쿠앤크맛) 1팩(5포)ㅣ7+1 & 10+2 EVENTㅣ고단백질 고식이섬유 식사대용 체중조절용조제식품 | V7: 수량 선택 :5팩(25포) / 맛 가지 수 선택 :4가지맛 / 구성 선택 :초코맛1팩+곡물맛2팩+흑임자맛1팩+쿠키맛1팩 (+49,000원) | W7: 재고옵션코드 | X7: 초코1+곡물2+흑임자1+쿠키1 | AA7: 0 | AB7: 5 | AC7: 0 | AD7: 0 | AE7: 83500 | AG7: 카카오톡 | AH7: CJ대한통운 | AI7: 522084629901 | AN7: =-AE7*3.3% -> -2755.5
A8: 가꾸기 | B8: kakkuki064 | C8: NKA60612-76747338 | D8: 2026-06-12 10:32:50 | E8: 양가영 | F8: 010-9366-6801 | G8: 양가영 | H8: 010-9366-6801 | I8: 41213 | J8: 대구 동구 송라로28길 14 (신암동, 이안동대구) 109동202호 | K8: 네이버페이 | L8: 114000 | M8: 0 | N8: 0 | O8: 0 | P8: 0 | Q8: 0 | R8: 77562641 | S8: SKA97644149 | T8: e-100 | U8: [가꾸기x소하담바카] 다이어트 단백질 쉐이크(초코맛,곡물맛,흑임자맛,옥수수맛,쿠앤크맛) 1팩(5포)ㅣ7+1 & 10+2 EVENTㅣ고단백질 고식이섬유 식사대용 체중조절용조제식품 | V8: 수량 선택 :7+1팩(40포) / 맛 가지 수 선택 :2가지맛 / 구성 선택 :초코맛4팩+곡물맛3팩 (+79,500원) | W8: 재고옵션코드 | X8: 초코4+곡물3 | AA8: 0 | AB8: 7 | AC8: 0 | AD8: 0 | AE8: 114000 | AG8: 인스타그램 | AN8: =-AE8*3.3% -> -3762
A9: 가꾸기 | B9: kakkuki064 | C9: NKA60612-6215966 | D9: 2026-06-12 16:47:08 | E9: 이선미 | F9: 010-9517-0028 | G9: 이선미 | H9: 010-9517-0028 | I9: 32271 | J9: 충남 홍성군 홍북읍 홍학로 88 (신경리, 한울마을 모아엘가 아파트) 112동 803호 | K9: 신용카드 | L9: 114000 | M9: 0 | N9: 0 | O9: 0 | P9: 0 | Q9: 0 | R9: 77571021 | S9: SKA97644149 | T9: e-100 | U9: [가꾸기x소하담바카] 다이어트 단백질 쉐이크(초코맛,곡물맛,흑임자맛,옥수수맛,쿠앤크맛) 1팩(5포)ㅣ7+1 & 10+2 EVENTㅣ고단백질 고식이섬유 식사대용 체중조절용조제식품 | V9: 수량 선택 :7+1팩(40포) / 맛 가지 수 선택 :4가지맛 / 구성 선택 :초코맛2팩+곡물맛2팩+옥수수맛2팩+쿠키맛1팩 (+79,500원) | W9: 재고옵션코드 | X9: 초코2+곡물2+옥수수2+쿠키1 | AA9: 0 | AB9: 7 | AC9: 0 | AD9: 0 | AE9: 114000 | AG9: 인스타그램 | AH9: CJ대한통운 | AI9: 522084630085 | AN9: =-AE9*3.3% -> -3762
A10: 가꾸기 | B10: kakkuki064 | C10: NKA60612-67452417 | D10: 2026-06-12 17:54:50 | E10: 정효령 | F10: 010-2708-2379 | G10: 정효령 | H10: 010-2708-2379 | I10: 50972 | J10: 경남 김해시 외덕로 125 (내덕동, 장유역 중흥S-클래스 더퍼스트) 104동2002호 | K10: 신용카드 | L10: 160000 | M10: 0 | N10: 0 | O10: 0 | P10: 0 | Q10: 0 | R10: 77571903 | S10: SKA97644149 | T10: e-100 | U10: [가꾸기x소하담바카] 다이어트 단백질 쉐이크(초코맛,곡물맛,흑임자맛,옥수수맛,쿠앤크맛) 1팩(5포)ㅣ7+1 & 10+2 EVENTㅣ고단백질 고식이섬유 식사대용 체중조절용조제식품 | V10: 수량 선택 :10+2팩(60포) / 맛 가지 수 선택 :3가지맛 / 구성 선택 :곡물맛4팩+흑임자맛3팩+옥수수맛3팩 (+125,500원) | W10: 재고옵션코드 | X10: 곡물4+흑임자3+옥수수3 | AA10: 0 | AB10: 10 | AC10: 0 | AD10: 0 | AE10: 160000 | AG10: 인스타그램 | AH10: CJ대한통운 | AI10: 522084630295 | AL10: 2002호 0309 비번입니다! | AN10: =-AE10*3.3% -> -5280
A11: 가꾸기 | B11: kakkuki064 | C11: NKA60613-55441892 | D11: 2026-06-13 11:39:54 | E11: 우은미 | F11: 010-4014-9782 | G11: 우은미 | H11: 010-4014-9782 | I11: 42925 | J11: 대구 달성군 다사읍 서재로30길 6-3 (서재리, 서재 태진아파트) 501호 | K11: 네이버페이 | L11: 160000 | M11: 0 | N11: 0 | O11: 0 | P11: 0 | Q11: 0 | R11: 77581051 | S11: SKA97644149 | T11: e-100 | U11: [가꾸기x소하담바카] 다이어트 단백질 쉐이크(초코맛,곡물맛,흑임자맛,옥수수맛,쿠앤크맛) 1팩(5포)ㅣ7+1 & 10+2 EVENTㅣ고단백질 고식이섬유 식사대용 체중조절용조제식품 | V11: 수량 선택 :10+2팩(60포) / 맛 가지 수 선택 :4가지맛 / 구성 선택 :초코맛4팩+곡물맛2팩+흑임자맛2팩+옥수수맛2팩 (+125,500원) | W11: 재고옵션코드 | X11: 초코4+곡물2+흑임자2+옥수수2 | AA11: 0 | AB11: 10 | AC11: 0 | AD11: 0 | AE11: 160000 | AG11: 인스타그램 | AH11: CJ대한통운 | AI11: 522084630181 | AN11: =-AE11*3.3% -> -5280
A12: 가꾸기 | B12: kakkuki064 | C12: NKA60613-29278799 | D12: 2026-06-13 12:47:39 | E12: 장소연 | F12: 010-9063-8399 | G12: 장소연 | H12: 010-9063-8399 | I12: 35274 | J12: 대전 서구 계룡로264번길 61 (월평동, 빅토리아빌) 601호 | K12: 네이버페이 | L12: 160000 | M12: 0 | N12: 0 | O12: 0 | P12: 0 | Q12: 0 | R12: 77582081 | S12: SKA97644149 | T12: e-100 | U12: [가꾸기x소하담바카] 다이어트 단백질 쉐이크(초코맛,곡물맛,흑임자맛,옥수수맛,쿠앤크맛) 1팩(5포)ㅣ7+1 & 10+2 EVENTㅣ고단백질 고식이섬유 식사대용 체중조절용조제식품 | V12: 수량 선택 :10+2팩(60포) / 맛 가지 수 선택 :4가지맛 / 구성 선택 :초코맛3팩+곡물맛3팩+흑임자맛2팩+쿠키맛2팩 (+125,500원) | W12: 재고옵션코드 | X12: 초코3+곡물3+흑임자2+쿠키2 | AA12: 0 | AB12: 10 | AC12: 0 | AD12: 0 | AE12: 160000 | AG12: 인스타그램 | AH12: CJ대한통운 | AI12: 522084630122 | AN12: =-AE12*3.3% -> -5280

Sheet 반품
A1: 고객의 개인정보보호를 위해 전체주문내역 / 반품 / 교환 sheet는 즉시 삭제해 주시기 바랍니다.
A2: 채널명 | B2: 채널ID | C2: 주문번호 | D2: 주문일 | E2: 주문자명 | F2: 주문자연락처 | G2: 수령인명 | H2: 수령인연락처 | I2: 우편번호 | J2: 주소 | K2: 결제방법 | L2: 결제금액(통합) | M2: 부분취소금액(통합) | N2: 부분취소조정금액(통합) | O2: 상품구간할인(상품별) | P2: 배송비(통합) | Q2: 추가배송비(통합) | R2: 주문상품고유번호 | S2: 상품코드 | T2: 자체상품코드 | U2: 상품명 | V2: 고객선택옵션 | W2: 자체옵션코드명 | X2: 자체옵션코드 | Y2: 상품관리메모 | Z2: 추가선택 | AA2: 추가금액 | AB2: 주문수량 | AC2: 취소수량 | AD2: 공급가 | AE2: 상품금액(옵션포함) | AF2: 묶음설정 | AG2: 주문경로 | AH2: 택배사 | AI2: 송장번호 | AJ2: 발주처 | AK2: 주문관리메모 | AL2: 배송시 요청사항 | AM2: 개인통관번호 | AN2: 총 주문액 | AO2: 결제수수료

Sheet 교환
A1: 고객의 개인정보보호를 위해 전체주문내역 / 반품 / 교환 sheet는 즉시 삭제해 주시기 바랍니다.
A2: 채널명 | B2: 채널ID | C2: 주문번호 | D2: 주문일 | E2: 주문자명 | F2: 주문자연락처 | G2: 수령인명 | H2: 수령인연락처 | I2: 우편번호 | J2: 주소 | K2: 결제방법 | L2: 결제금액(통합) | M2: 부분취소금액(통합) | N2: 부분취소조정금액(통합) | O2: 상품구간할인(상품별) | P2: 배송비(통합) | Q2: 추가배송비(통합) | R2: 주문상품고유번호 | S2: 상품코드 | T2: 자체상품코드 | U2: 상품명 | V2: 고객선택옵션 | W2: 자체옵션코드명 | X2: 자체옵션코드 | Y2: 상품관리메모 | Z2: 추가선택 | AA2: 추가금액 | AB2: 주문수량 | AC2: 취소수량 | AD2: 공급가 | AE2: 상품금액(옵션포함) | AF2: 묶음설정 | AG2: 주문경로 | AH2: 택배사 | AI2: 송장번호 | AJ2: 발주처 | AK2: 주문관리메모 | AL2: 배송시 요청사항 | AM2: 개인통관번호 | AN2: 총 주문액 | AO2: 결제수수료
